bootstrap,auc_boot,auc_original,brier_boot,brier_original,calibration_intercept_boot,calibration_intercept_original,calibration_slope_boot,calibration_slope_original
1,0.9930846118084612,0.9779490219324244,0.04063123177655662,0.06099445814852738,-0.19731631642668068,-0.42626283361706413,2.49144364267213,2.1083797458885236
2,0.9953917050691244,0.978067575577949,0.03984206206171647,0.05929212055042049,0.21214278156139832,0.19567651605353514,3.5365876014065645,2.3953040760924535
3,0.9950770825236429,0.9888559573206877,0.044512565818373255,0.0605695204273681,0.31991536314208596,-0.1656600518640216,3.830857221187447,3.1388022695506406
4,0.9967808817110432,0.9797866034380558,0.04146844759150065,0.05632162890877139,0.4486538575673622,0.012675874723941882,3.6905069084236533,2.5820736807285996
5,0.9974099228732589,0.9751630112625963,0.038869401416847416,0.05679778469654312,-0.11261707782328156,0.12210044081628774,4.460468429825681,2.610662126490442
6,0.9960680751173708,0.9689389448725549,0.0340925534274719,0.05633337982567583,-0.18257600505966862,-0.3347382955243978,2.974850576985632,2.0226061071754473
7,0.9952542372881357,0.9781268524007113,0.04161255458368091,0.05670828734527768,-0.1326543810239967,-0.11444746022861177,3.2578394590766244,2.5615587343689667
8,0.9975038402457758,0.9508595139300533,0.024659201986648522,0.05886478842490641,-0.10450633132017575,0.013754737280118133,2.911399222433275,1.566425360683827
9,0.9942442730516865,0.9764078245406046,0.0393480038846467,0.06167295532469849,-0.17935958406642097,-0.34782512738810867,2.81653737422974,2.0920891270852047
10,0.9933233567399563,0.9882631890930647,0.0497551784941875,0.059819531921585095,-0.09658886174733143,-0.16077732374504664,3.60069802877903,3.3282514936396748
11,0.996,0.9739774748073503,0.03663593196503183,0.06162167862948009,-0.14872933187182522,-0.22185769797496707,3.1783044535353704,2.135537297600733
12,0.997364953886693,0.961647895672792,0.030970571969497637,0.05604415751425785,-0.6437536416352462,0.05535489899408802,3.679641849087054,1.8429951199701724
13,0.9939759036144578,0.9864256075874334,0.0433689458321724,0.059686753330344094,-0.12102474429128501,-0.020449359339434377,2.9808470479887577,2.783716947329183
14,0.9986505681818181,0.9625370480142265,0.029850415450442817,0.06038750777536046,0.42192055160573916,0.5509420935512707,5.07302376849791,2.5847624114905043
15,0.9975103734439834,0.9564315352697096,0.03062189003054429,0.058216361258676276,-0.5813167509242892,-0.1612031578191517,3.6846025236839077,1.710854145143057
16,0.9963045912653976,0.9639596917605215,0.03509779899123239,0.05600787095243163,0.09917522569580352,-0.03046837175506999,3.093364965771133,2.031751880977223
17,0.9955837173579108,0.9716656787196206,0.03471763881881577,0.05822907837192242,-0.2374512810948965,-0.07392594688929995,2.878549092555102,2.0162655049464586
18,0.9961149961149961,0.9697095435684648,0.03570677847319968,0.05988281061632542,0.2904042628141616,-0.04403997188352152,3.246539395253725,2.1241206116128555
19,0.9966965285554311,0.9569650266745702,0.033970457268393164,0.05799967254177549,-0.1720102099185491,-0.0611624468260872,3.403096947588042,1.862094363405277
20,0.9968896713615023,0.9624777711914642,0.03181524643290805,0.06266705168152907,0.3048351782477796,-0.3436066261335646,3.128451698460185,1.9101106091097242
21,0.9956886898096304,0.9816241849436871,0.036869789384761265,0.05764093039815341,0.4636406152050894,0.23983618230439727,3.7647351153932402,2.5784532039926296
22,0.9959191605130198,0.954534676941316,0.03289246331018044,0.0593100537661302,-0.40894478908425674,-0.04455752160654322,2.7171823126530947,1.8551538142089816
23,0.9933977455716586,0.9718435091879076,0.04085151089389619,0.057457309256761124,-0.13174609154446087,-0.20867127817794048,2.8494695524982125,2.0376607735168304
24,0.9951076320939335,0.9665085951393005,0.03579392871029379,0.06182326709339365,0.1994320738379097,-0.44718703181643205,2.6749212366212327,1.7508115404466462
25,0.993666129898014,0.9803200948429165,0.047772113879612686,0.06049656167191585,-0.018696736048478005,-0.2617244445181866,3.3819208931447386,2.5902730171207913
26,0.9955985915492958,0.964611736810907,0.03802064016770268,0.05622507195910156,-0.13955444357393224,-0.19770060175949808,3.1731980841241074,2.0930697728280854
27,0.9981291955540883,0.9590397154712508,0.0319728152473503,0.05750188392073941,-0.78630273138246,-0.30540950586900545,4.226194923748752,1.8558176277026488
28,0.9943687018375815,0.9797866034380557,0.04051097229627341,0.06221489598398923,-0.4491674209497087,-0.45498325758165636,2.509536658831613,2.12661437788542
29,0.994188749418875,0.9737403675163011,0.04433290344397381,0.05567759783997125,-0.10921714021807924,-0.024790226865837504,3.3041958804137908,2.5127465557606863
30,0.9966968436505995,0.9772377000592769,0.04398493384253931,0.058938942239012304,-0.5940293767262529,-0.46142520865111014,4.198387033765066,2.721151125553742
31,0.9936520274646975,0.9729697688203912,0.04420633849924587,0.061621205648348394,-0.4277791679679597,-0.2977870343273682,3.0865475257102006,2.2968883003816054
32,0.9916924060070295,0.9801422643746295,0.04367110233704812,0.057941151501334456,0.16726345486204308,0.09082902926358419,2.949841912404309,2.2287530187620477
33,0.9937166567871962,0.9781268524007113,0.04604903543071085,0.05918847781295498,-0.3620954519877931,-0.15884359504971568,3.1502255701084207,2.6142341727495038
34,0.9979591836734694,0.9591582691167754,0.02782256688660927,0.05711972818277725,0.07096452484479396,-0.022185629383490158,4.479259311518614,1.8344849640586205
35,0.9975881261595547,0.9803200948429165,0.03878082726546175,0.058405489438683296,0.6836505415473738,0.2366370516346981,4.844654584266764,2.742524074862043
36,0.9953401113531833,0.9762299940723178,0.04122450256918137,0.05904455450857228,-0.08481560640003064,-0.17763850795051017,3.3879711197577733,2.4542592506731458
37,0.9956709956709957,0.9818612922347362,0.042453605820575224,0.06297788397538341,-0.11933152106346205,-0.6286681976125321,3.4785296942392736,2.582695145788554
38,0.993666129898014,0.9742145820983995,0.04261359409158874,0.05846935196490992,-0.019885942057909455,-0.3268077754461432,2.9496359942707016,2.14327334525635
39,0.9962478818687969,0.9561351511558981,0.032711786052341214,0.05780302496666982,-0.27346707448924534,-0.06695505352604085,3.13423778927799,1.8265898981535196
40,0.9970026914607292,0.9787196206283344,0.04451108619219604,0.056894884836368655,0.33559655217125234,0.6612278717717396,4.141850770831533,3.1642229280604073
41,0.9986876640419947,0.9621221102548904,0.02883323737276429,0.05847197176944846,0.28261808118706033,0.46178884155528077,4.783823471773159,2.060667427430963
42,0.9955834495583449,0.9718435091879075,0.039508645272070764,0.058876853952226596,0.06593790219335909,-0.38141706823029453,3.487203123768092,2.2891984847025304
43,0.9948197264815581,0.9781268524007114,0.04559990512857906,0.05780228378574226,-0.3897261563154519,0.024290097599995338,3.8391555767978613,2.7926124792664306
44,0.9943630869363087,0.9653230586840545,0.039381755879215476,0.061483234459606254,-0.09800248798227279,-0.4205245099225225,2.9929647767793846,2.1354435090290176
45,0.9958740120874011,0.9574985180794311,0.03843642459476639,0.05945783279109276,-0.23569328321840965,-0.05226534223763199,3.328737090206888,2.012090974493492
46,0.992556281771968,0.9769413159454653,0.04358943919619469,0.06249725430384005,-0.04964918517398197,-0.42865878121450646,2.7645265918358364,2.1836199124856903
47,0.9965218382939903,0.9720806164789568,0.0317784266249066,0.05867772459520925,0.2136051234597371,-0.11269376373116884,3.0303967794106064,2.1307796375371932
48,0.99624765478424,0.956312981624185,0.031363682575370845,0.06557543377796851,-0.4457166116457655,-0.3222499876538037,2.7805704574968044,1.7940052768580808
49,0.9972794403420132,0.9599881446354476,0.031330241359962895,0.059066509842809076,0.11090214806921303,0.4950197788281465,3.9948540880847268,2.2560016779068777
50,0.9968260137323488,0.9625370480142265,0.03431179521054356,0.058069729351406175,-0.05478102185734403,0.17687873346827113,3.7516752947262075,2.1671954179439443
51,0.9949021932424422,0.9762299940723177,0.0418611404475067,0.05784093742395066,-0.02315701729114953,-0.024128970252101662,3.248498221454307,2.5635342198574005
52,0.9979518689196109,0.9614107883817428,0.030890122900662235,0.05950257681880248,0.0414491281527762,-0.18458520798343755,4.216024454583834,1.9276832938263968
53,0.9976958525345623,0.9590397154712508,0.025662833314237778,0.05939797529614077,-0.4361403061728789,-0.17170179201861943,3.0252170363180118,1.6727851293095821
54,0.9971556523844106,0.9725548310610551,0.03552009692171225,0.059541006420224314,1.2787828378087958,-0.14769739915451255,4.668502975742495,2.1412398786672675
55,0.9986824769433466,0.9565500889152342,0.02888092752084845,0.05917376362999969,0.4048953244678547,-0.020834572991509526,4.739535514323999,1.7806225006203629
56,0.9977973568281939,0.9682868998221696,0.039524047301230866,0.05707698535127466,-0.14312946716325353,-0.19971680787325483,4.83168508887695,2.2825647876859416
57,0.9947622884770346,0.9809128630705395,0.043288728351446364,0.0626067237879292,-0.18643632728090279,-0.3393824628284532,3.3175280055779277,2.578581504758821
58,0.9957117255504353,0.9788381742738589,0.03666212406036799,0.05759644419194407,0.10205428368951464,0.3280949748346006,3.131180581767031,2.3827095696833984
59,0.9959644874899112,0.9639004149377594,0.037241418202197084,0.057811080840136767,-0.507757624609422,-0.16603927388954165,3.607707494314454,2.0659951310717632
60,0.9953814574067738,0.9742738589211619,0.03825408966386928,0.05615628203174058,0.04421958325958266,-0.08008646166498397,3.141089810954396,2.274877069068556
61,0.9968907889623008,0.9542382928275044,0.0273362538192127,0.05956361694905414,-0.5526147825021569,0.11179679916305818,2.821058269969756,1.7291708141661195
62,0.9979969609062025,0.9656787196206282,0.03847002986271707,0.06200391267286698,-0.3211391859431198,-0.059216986358569784,4.526434866515967,2.4086299373105318
63,0.9965926127845169,0.9695909899229401,0.042162984486608934,0.057896301916763995,-0.4851134553707586,-0.03551737248055983,4.31131305921162,2.5571677576070124
64,0.9963684384285243,0.9662122110254892,0.033750033234482966,0.06020230660179779,0.3546960301761284,-0.15072244756285227,3.2551628344849695,1.8516027094175467
65,0.9970095107363468,0.9786603438055721,0.04066557611395658,0.05914428997115126,0.6672244599473223,-0.2968284007932137,3.3981157257448675,2.2287046106600523
66,0.9949803579223047,0.9708358032009484,0.038462494372360816,0.05588397028802663,-0.07876469270460448,-0.22677585209188547,2.724493864966391,2.018284781735577
67,0.9958333333333332,0.9707765263781861,0.03585625178187159,0.05934984753758552,-0.12502881635743515,-0.0686198102084644,3.165542769692171,2.1746635579391715
68,0.9954225352112676,0.972732661529342,0.034723960924661686,0.055876502968513896,-0.29929681591476553,0.1039888475339282,2.823549108596982,2.1659684079727826
69,0.9944947394176658,0.9790160047421459,0.039480263014649145,0.05685845804936739,-0.063913213134222,0.11966985427542773,3.2399708783003707,2.306078226455858
70,0.9985203120796341,0.9546532305868406,0.029556028008996798,0.057266996671837225,-0.7960543118599503,0.08724589220901427,5.538351567556413,1.889087760087214
71,0.9976134976134976,0.972910491997629,0.03681841633866929,0.06027719695222934,0.3108535633927796,-0.29105978350751815,4.349318838385283,2.297503873395637
72,0.9946782481037436,0.9781861292234736,0.046442227056758184,0.05847867701709255,-0.20166491543922804,-0.09185577267522907,3.6524369887027377,2.4818143535339527
73,0.995382085020243,0.9799051570835804,0.04110951689085612,0.057804397579717885,-0.24765682000233366,0.09651391083990724,3.3553663266079075,2.6898748661107383
74,0.9973085392708588,0.968761114404268,0.03145681830224436,0.05656516992492615,-0.3854302282361834,0.3162249498387375,3.0057218433904693,2.0288155902895797
75,0.9952688944783805,0.9752222880853586,0.03918530496029467,0.05811038668026051,-0.055235563325775894,-0.10008815952628518,3.9659352501062397,2.545264060318662
76,0.997564935064935,0.9704208654416123,0.04188701172728834,0.06042363511325592,0.3312409310093938,-0.10776020614675134,4.899526597091432,2.4562771566751787
77,0.9966358763827118,0.9711914641375222,0.037019152481435745,0.05806924721483862,0.4597323557414432,-0.2462990735777992,4.215125979315325,2.0385088125215876
78,0.9972775564409031,0.9654416123295791,0.03224633025295895,0.057319223874743926,-0.20491731062234175,0.25573458104609115,3.196302131955299,2.0440575452357868
79,0.9974431818181818,0.9606994665085952,0.03188231772643028,0.05688286110114247,-0.5938066457966986,0.36769209626403426,4.126966262182166,2.075632637483329
80,0.999016393442623,0.9496739774748074,0.02338899140065759,0.06040277931039859,-0.8708219785763047,-0.0868485292539351,3.7990469657125288,1.5816043486992752
81,0.9956415620641561,0.9678719620628334,0.03326564265740209,0.05841747477993271,0.0756684506358799,-0.09370607390147934,2.88846050775866,1.8231144118641642
82,0.9966616783699782,0.9662714878482513,0.03475755344927736,0.06136723849462256,-0.6795401200749263,-0.44021265962376854,3.2558491422597364,1.9870875717359202
83,0.9958242556281772,0.9604030823947837,0.03724121326711255,0.0577912630117475,-0.060434076209589384,-0.2286769027595647,3.229007966150683,2.004892602003973
84,0.9967479674796748,0.96443390634262,0.03730614921734019,0.059700141452488205,0.07064657125631636,0.17494348899072582,3.6945035918357307,2.3153519950436543
85,0.9945128779395297,0.9823355068168347,0.04035219497257696,0.05878958809608656,0.332900152808436,0.07195505057682426,3.2414042477031337,2.6073134345119673
86,0.9954005167958656,0.9655008891523414,0.038924006533868835,0.05741532409742993,-0.08121083139035461,-0.293695392852341,3.0420419213430367,1.9886405272082694
87,0.9971447543160691,0.9701837581505631,0.03635772432149192,0.05769279436175061,0.10168495755865047,0.06479339053764993,4.843748201537894,2.3105757769737436
88,0.9983054950375213,0.972139893301719,0.038249185482916705,0.05951980938872465,-0.7885339724599211,-0.17766303243365952,4.496171468683688,2.4761448972493034
89,0.9953277009728623,0.970539419087137,0.03835318657840634,0.05794675400905958,0.13601144935049078,0.13316158454605895,3.4244048147308357,2.3139854164694302
90,0.9978286384976525,0.9782454060462359,0.03508362592444082,0.06107516399744997,0.0986187718431048,-0.4538446807874667,3.7948793675461614,2.1800856469842986
91,0.9973175422613625,0.9592768227623,0.03740972548394936,0.058230413516881394,-0.1367012055217828,-0.0782586142180515,4.180161351206131,2.0827952086640207
92,0.99800796812749,0.9615293420272674,0.03054484461864645,0.05730869363527658,-0.8259769850219796,-0.32999165450939344,3.4996427251298714,1.8378294314628016
93,0.9982566248256625,0.9714878482513337,0.034984882515967694,0.05968637498475971,-0.07619330399045025,-0.11764077339806811,4.657741402619202,2.36565003908514
94,0.9964201877934272,0.9582691167753409,0.03447599678703696,0.06125747911365767,-0.5765813556963875,-0.37890095722424816,3.107345648684489,1.758824316650459
95,0.9974644403215832,0.977474807350326,0.03820796044156944,0.058178258753152835,0.586527835134741,0.2947706539413925,5.404097567088075,2.778081759473064
96,0.9963615023474178,0.9649673977474807,0.035227098773754795,0.057120095677223155,-0.484317169235264,-0.14532346510986394,3.1496539907043903,1.869115291268194
97,0.996415770609319,0.9498518079430942,0.02770583676427477,0.06266652589916932,-0.6639192398879803,-0.16719906106295623,2.730742547140961,1.5957522077704243
98,0.9966144966144966,0.9760521636040308,0.038705146711791295,0.05802768511889178,0.6646813242289318,0.02667078305034414,4.031210999711626,2.460710287291547
99,0.9966173154230807,0.9721991701244813,0.03946697332906915,0.05953095263849269,-0.30830641028016126,-0.38480120473893137,3.3684034942219636,2.3740825721990926
100,0.9958248987854251,0.9671013633669236,0.03823127035308587,0.05821167844652788,-0.2167068438570283,0.05680683273071709,3.1696354934821382,2.258664224694969
101,0.9963007801990853,0.9503852993479549,0.03222485617959151,0.056569197742780276,-0.5727080830721183,0.17844479300273258,3.031311260780624,1.9297439883123
102,0.996969696969697,0.9721991701244813,0.04108883017628094,0.054921764187223374,0.30887822145985366,-0.014171089211194143,4.017800038623178,2.4448443912900317
103,0.9981792717086834,0.9615293420272674,0.030037720508400242,0.05750626779444583,-0.16396609413646698,0.050589288409235045,4.263049457908318,1.942268632490902
104,0.9979423868312756,0.9744516893894488,0.037683292036514764,0.057526978314472205,0.6814830635488498,0.12472773077870047,6.197723677486683,2.5667839760513806
105,0.9980425740151699,0.9652637818612922,0.02962616198759793,0.05762884644503446,-0.6659837688448097,-0.2815732539627592,3.4435966763605625,1.8140175924667576
106,0.9983998975934459,0.9642560758743332,0.03229866531580502,0.058143362581098416,-0.0238836158180383,-0.17229574207091275,5.181897335051221,2.0275545772608368
107,0.9951144094001236,0.9780082987551868,0.05250992136464681,0.0628831449476992,-0.12064036370353336,-0.18651625209725584,4.239198864970536,3.08961946656037
108,0.9948166739415102,0.979845880260818,0.03939812143901728,0.05652327742861181,-0.10803003735847698,-0.16243877858222058,3.153595218257637,2.2526513276668
109,0.9960039960039959,0.978838174273859,0.037631102431291585,0.05986688647247977,0.6461541040045359,-0.17357050936063004,3.249687171089841,2.1527746502908616
110,0.995279593318809,0.9681090693538827,0.03437102507258755,0.05705892997529499,-0.3651439873979466,0.057422946792976166,3.1100934307058785,2.080582839952671
111,0.9960594960594961,0.9783046828689983,0.04693086000337362,0.060017155048425266,-0.07311975902407969,-0.4476205312602221,3.782610220612169,2.6218049354359003
112,0.9944947394176658,0.9823355068168347,0.04957572284743954,0.06140100498211126,-0.3984535550028478,-0.45520848626146726,3.710654974941206,2.6761847200282918
113,0.9967723004694835,0.9671606401896858,0.032527196104482355,0.057253937628032416,0.005593941312428141,0.14121890197677103,3.3696275054589373,2.090333912849679
114,0.9956983805668016,0.985180794309425,0.04406857661956407,0.060736137037983515,0.20028859201739865,0.029982451383151833,3.9934503460914956,3.081416733145281
115,0.9971830985915492,0.9595139300533492,0.032059651339385056,0.05353226453588404,-0.6943325905726294,-0.01949779222303571,3.3384275170857562,1.7600202394524491
116,0.9956896551724139,0.9728512151748666,0.03573330301341427,0.06344910966968251,0.2185768319428732,-0.3754289017418872,2.9382717662228948,1.8722074559672672
117,0.9937049180327868,0.9665678719620628,0.04012606997233464,0.05936481272373697,-0.3584821664320298,-0.24844977258363576,2.9164395994710524,2.1571876141677815
118,0.9960680751173708,0.974510966212211,0.036684546844155584,0.060702902568784176,0.009841008174006292,-0.3190736663479451,3.1065228388191866,2.0820284116876793
119,0.9958683473389357,0.9518672199170124,0.03656775868602115,0.060436985602340065,-0.6662093040916374,-0.08361074925348226,3.4729284275000625,1.9440855418720815
120,0.9971551261406333,0.9770598695909899,0.04033900619286627,0.058208895915941285,0.07862719118408541,-0.24004550629356233,3.4894095149689197,2.4156837074891144
121,0.9968127490039841,0.9662122110254889,0.0365006155842697,0.0586562392560128,-0.20001726345916448,-0.2317513741688774,3.8257457276364417,2.0961793332346654
122,0.9975786924939467,0.9664493183165382,0.032451391274522574,0.05803382287801588,-0.03451392401289154,-0.06593297988844303,3.645316604699638,2.14223788645812
123,0.9941277220455101,0.968583283935981,0.03553487163802965,0.058010400609138625,0.021494752983532425,0.034851179645407786,2.91594290447064,1.987781669309851
124,0.9973697088328848,0.9711321873147599,0.029887461986491146,0.05664829448986419,0.042471889776142836,0.3010540437316524,3.308174901678437,2.0199276450437833
125,0.9967660797700323,0.9727919383521044,0.036327852626133916,0.0591864107549321,0.6668520165587433,-0.13028239215828527,3.632308815027883,2.2746984834644652
126,0.9949048152295633,0.979430942501482,0.036676581245940525,0.058997399639089516,0.020299720445146965,-0.2605265992154511,2.657352947852076,2.201108213173849
127,0.9978128237596408,0.9609958506224067,0.03526260225977915,0.06008676001042824,-0.3951235444562362,-0.09243812106774763,3.746357342507622,2.1116431094633685
128,0.9969333515060652,0.973918197984588,0.037632147937221375,0.057752490486913,-0.20677787546914667,0.19104236046913128,4.5924754144776125,2.39682304474487
129,0.9988988210908148,0.9522821576763485,0.026684014569890356,0.061123856814728636,-0.6359204093333086,-0.3048438923764438,4.662785391474537,1.6038700916490458
130,0.996244131455399,0.958684054534677,0.030651466844976515,0.061585362802181395,-0.4678191786229038,-0.24539671674024974,2.7187389366472687,1.676204290568183
131,0.9967767929089443,0.9659751037344398,0.033093663677961016,0.05963489562459238,0.10672461610555459,0.023937701346670986,3.3395848101424046,1.9085406953604103
132,0.9967841682127396,0.9710136336692353,0.03960336876470193,0.06192306152702852,-0.2872967406460064,-0.4000775718893381,4.130779947417545,2.327388069610943
133,0.9962275819418676,0.9780082987551867,0.04174028642645997,0.06058396233054645,0.42741846324918364,0.008120995052515095,4.456101761244943,2.3257242147150383
134,0.9967061923583663,0.9621813870776527,0.03034638416938047,0.05777459529158111,-0.16883777319906293,-0.03482027507017421,3.2469555217943116,1.8286113550051752
135,0.9958158995815898,0.9651452282157675,0.03752842935441952,0.0564450221428901,0.01035621237185704,0.187933179206734,3.180231044770257,2.1155159200650657
136,0.9980985812490858,0.9488441019561352,0.02845193161146426,0.060583765339596016,-1.3212878282542329,-0.12578289779210236,3.353123365939709,1.6950575009501967
137,0.9967990515708358,0.9637225844694725,0.03163320766301145,0.056272536967833124,-0.389359595829734,-0.11931217687416515,3.1230255869486294,1.8369442061723844
138,0.9964725643896978,0.9848844101956136,0.045709645146169764,0.06501717689685917,0.36172629447745236,-0.643698219481252,3.9942552453145574,2.544709674056572
139,0.9958248987854251,0.9590397154712507,0.03288021559493672,0.05874934628866688,-0.14393146087438352,-0.14383383046825876,3.001488350597876,1.879545251570305
140,0.9948889191767752,0.9639596917605217,0.040669598983389454,0.06214250414263791,-0.5155515970739977,-0.24222236355702442,3.326746327120973,2.2136487206848523
141,0.995039343140609,0.9714878482513337,0.036069400194027754,0.06055221550231814,-0.21036544007743765,-0.5256285386875702,2.850771372510623,1.8863150242108826
142,0.9950727883538634,0.9852993479549497,0.044358631132542195,0.057658132159294495,0.34746087365818523,0.11988591890773818,3.554597309820887,2.851430174517861
143,0.9950293448317163,0.9701244813278008,0.036551031530229,0.05737207046276313,0.10403009220483737,0.2098186810340156,3.1307401063770186,2.1305319424542923
144,0.998587570621469,0.9611144042679312,0.027295050638119635,0.05385813592420755,-0.6219968602320656,0.24573886133105535,3.7696682640527848,1.9767236765949878
145,0.9957181306581845,0.9696502667457024,0.04094194979119054,0.06095288615153684,-0.3790871487153387,-0.4173259581344558,3.4003913882277312,2.1597271225312262
146,0.9977049180327868,0.949614700652045,0.027154353297884317,0.06277014168450024,-0.22811838944238758,-0.19894701183412036,3.160340220080083,1.5600935957699382
147,0.9954225352112676,0.9807943094250148,0.041880874174032356,0.057561207933930374,0.3665203669968724,0.07086415794930534,3.5026701061594503,2.6597990743564344
148,0.996830985915493,0.9627741553052755,0.03338793456872942,0.05633000677423007,-0.3127428507286847,0.009777640316289563,2.9802048624986157,1.9480845282351236
149,0.9965589965589965,0.9682868998221695,0.040467238709398036,0.0585942689592267,-0.13776164760933002,-0.17839069372730315,3.767639849663952,2.2914691928391613
150,0.9943593875906527,0.9879075281564909,0.049332396235367025,0.061181096582147744,0.20013357825386086,-0.26825499610372633,3.9185647115183038,3.107774629723783
151,0.9965619442797867,0.9738589211618258,0.0351533559604929,0.056539924922673034,-0.021202099036157784,-0.022457655608666513,3.103526762900502,2.2422353103998307
152,0.9952090070667146,0.9704801422643745,0.03315159655740686,0.05834455761282917,-0.09544443219524866,0.11127681151932349,2.6235198238340947,2.0067511169261443
153,0.9983464477135363,0.9674570243034972,0.03661881650969423,0.05896324504950089,-0.32090456749284224,0.031961263766867795,5.703326806848363,2.365907152725742
154,0.9949343339587242,0.9767634854771784,0.039479473129989506,0.0570829085581947,0.002806480451044962,0.477887248836792,3.4749548578508147,2.6542177451540705
155,0.995228774161977,0.9730883224659158,0.041382703791090415,0.060924556992564084,-0.2872631424385311,-0.416059184562095,3.034534620008709,2.051693421343847
156,0.9950738916256158,0.9740367516301126,0.03457135472913804,0.06046120097318561,-0.08138510696920974,-0.31073242943414314,2.434515795240492,1.7725702363354494
157,0.9958355023425298,0.9723770005927683,0.038616454261627145,0.05607776318562855,-0.04067695936581874,-0.4626622951611481,3.577091384851893,2.056395448599467
158,0.9971556523844104,0.9654416123295791,0.035343395334274434,0.057334878678627334,-0.7794238206907348,-0.2853232174584514,3.1313541776714007,1.9642711640162802
159,0.9966041211004951,0.9747480735032602,0.037786140624741255,0.06254830338044576,-0.1978458966967186,-0.48174542127285813,3.373726800333935,2.1604340601261245
160,0.9986559139784945,0.9728512151748667,0.036470143192053314,0.060933804554915684,0.5660469798744793,0.23619057664181262,4.47672952687485,2.543222361599943
161,0.994170229304314,0.9694131594546532,0.03906722580034446,0.059934099156154594,-0.25624872065375986,0.10264007900526886,3.0691758367265773,2.340072749938114
162,0.9950960077358751,0.9730290456431535,0.03873834411946402,0.06085604677742638,0.1401245215588143,0.08158596087888709,3.199161210763533,2.3201002526796897
163,0.9956415620641562,0.9617664493183165,0.036965187176926956,0.05750824888673042,-0.5792368763643263,-0.3344997753507638,3.245063309359279,1.909434363794873
164,0.9927213114754099,0.9682276229994073,0.039103341078026356,0.06025993297327851,-0.3543895616632099,0.027494355821255412,2.50989530507747,2.059441371709727
165,0.9947516641065027,0.9783046828689983,0.035426491223628405,0.05724154821751597,-0.05054501674880158,-0.09569394468295482,2.6964344039401773,2.121355904564689
166,0.9958558765972142,0.9558387670420866,0.035088954830146825,0.056292948333176565,-0.03831774370398624,-0.022717796394691427,2.9057410829633024,1.8532878003079722
167,0.9970016088927892,0.9648488441019563,0.0359528623525331,0.057838523188141214,-0.2494587608072973,0.48758888316228105,3.815288521494857,2.2966127587134366
168,0.9955305091333074,0.9720213396561944,0.03656576943819211,0.05652403207251806,-0.2903928497863894,0.03900397623731604,3.0614730443275393,2.16425704164447
169,0.9938157081014224,0.9825133372851216,0.04384108934574309,0.058303503498267954,-0.23616987407283113,0.12292331336626139,3.4086375141767116,2.7770110373702415
170,0.9968637992831542,0.9572021339656195,0.02950181688532032,0.06080732624661362,-0.36831726570271506,-0.3231514989282167,2.722612860277822,1.6527070464097122
171,0.9959183673469388,0.981209247184351,0.04062870583843161,0.05843305884951518,-0.05455019112781915,0.09681826516109489,3.6592361732527325,2.773491704331193
172,0.9962275819418677,0.9561351511558981,0.03157088087286628,0.058131703834660195,-0.3805710838623566,0.0027840859072021614,2.888881201858429,1.7913628669399349
173,0.9979096045197741,0.976882039122703,0.03464344535660423,0.05951695642532533,0.8501559259182023,-0.005672401771694081,4.420053771728279,2.19494401510087
174,0.9990515708358032,0.9455245998814463,0.025020743471716837,0.05585619858552476,-0.6760208758964833,0.2633388840923295,4.163710709213267,1.6482858611239481
175,0.9964078002052685,0.9643746295198578,0.034476058168862025,0.05844024645605665,-0.0059850550596221965,-0.34141912042980643,3.273506696134644,2.0205615252555007
176,0.9973372064875332,0.9676941315945465,0.03412249088833459,0.05709513167918379,-0.20941934898185516,-0.16551426426097812,3.6327246904529744,2.063779701794063
177,0.9936158192090395,0.9837581505631299,0.043612815391226654,0.059226746035918085,0.26841780669410714,-0.23718025719856498,3.2615567948745183,2.5555838934513506
178,0.997760832728153,0.9682868998221695,0.03718529575654164,0.058038561901176976,0.118638263309422,0.08451893910837048,4.026148490474242,2.426902755051112
179,0.9963744588744589,0.9730883224659158,0.03430907025652881,0.05954129309361496,0.1029351143803253,-0.1925739330469088,2.9801033712867198,2.0371777504393918
180,0.9949378232640035,0.9687611144042679,0.03861395984318906,0.05920990071347133,-0.37906548182492505,-0.4937211362370737,2.7132649201134686,1.9045250274479075
181,0.9981609195402298,0.9548903378778897,0.02392254885088696,0.061275102991214275,-0.39516700076926325,0.23432753211703278,3.435731325097693,1.6955407922373924
182,0.9967105263157894,0.9722584469472436,0.03952990861639174,0.05731550242300219,-0.35657554647914663,0.20024482436518945,4.269667378121958,2.5773976004159427
183,0.9939442133594323,0.979845880260818,0.04190383191770832,0.05660764605628676,-0.5619649385722137,-0.3768175880959159,2.7327627194943105,2.3222140782258003
184,0.9966875871687586,0.9658565500889151,0.03720560970044606,0.058144923524458096,-0.19345075903784859,0.03031592600903197,3.585901763121627,2.267061671692111
185,0.9929204558535742,0.9840545346769413,0.047816350619309896,0.06031127880049029,-0.2641038384946699,-0.25734136776769273,3.194709003636972,2.7368155400731973
186,0.9959079004801397,0.9555423829282751,0.029796865103591894,0.059116392724943616,-0.31490469547746597,-0.021761417947579954,2.5427999898203946,1.63819073435221
187,0.9949770031469378,0.9716064018968584,0.035238573298250433,0.05836601280856721,0.18523935650314183,0.3506624729962316,2.8685823736282714,2.0949365125916892
188,0.995508658008658,0.9764078245406047,0.0365386101626719,0.0559092669090808,0.20072683584482057,-0.25411338869594663,2.82150882086761,2.092222098598366
189,0.9964078002052685,0.962833432128038,0.036734796936450105,0.05473001936840945,-0.11335041717827417,0.29047292529687996,3.4575453879769897,2.220349307394162
190,0.9974025974025975,0.9506816834617665,0.03098142797553111,0.058730992400290796,-0.4616430386356203,-0.18644975566230848,2.9962037881972003,1.7547647037420093
191,0.9975446161216912,0.9639596917605217,0.02925396427429863,0.058442276492710755,-0.08673926632549758,-0.10537030644483025,3.549146936236108,1.832785346500832
192,0.9974248412983592,0.9786010669828097,0.03917364193426196,0.05989143071509783,0.25044733455502394,-0.26505610614819913,3.5723309046909453,2.4144871829795336
193,0.9947622884770347,0.9845880260818021,0.04248702036714991,0.05834009718748731,0.33458393213721005,-0.10107056651426288,3.414293597218268,2.6024080818956477
194,0.9963560645497137,0.9724955542382929,0.03845479609207199,0.060425658491721365,0.3916542251688223,-0.418451551920029,3.5577489869300702,2.1086802945796426
195,0.9976035786558739,0.9684054534676941,0.03968941451237596,0.05852801753924438,0.0018258547060283651,-0.22653101766650122,3.835051444896875,2.1826857206713934
196,0.9984154929577465,0.9608180201541198,0.03163165388507877,0.056058400768889634,-0.5948813435685241,-0.07782329419239954,4.68489463988464,1.886951815895121
197,0.9964406779661017,0.9702430349733254,0.03637318792671775,0.058487234115707006,0.3943027946635366,-0.20133202773038694,3.6055164119170473,2.018042259245715
198,0.9958374958374959,0.9606401896858329,0.035681468539427615,0.060729061430184375,-0.5168599806418791,-0.24970337092099273,2.6780426453173,1.9272194979177222
199,0.9970954356846473,0.9761707172495555,0.04299144521290076,0.05948722154727017,-0.2404120206139656,0.04483258052905049,3.745634679278595,2.6585065638057657
200,0.9952899437240029,0.9652045050385298,0.03239290936977045,0.05725741327079411,-0.2000363236688012,0.11790852599188134,3.270574744880443,1.9703555478284664
201,0.9943676395289298,0.9701837581505631,0.03994385515663399,0.060026505422549704,-0.5353843087929718,-0.15933437234785416,2.784117046169662,1.9840123630645883
202,0.9961038961038962,0.9701244813278008,0.03756871026381341,0.057433550578215774,0.19749856034075872,0.30976259037887915,3.388737181515485,2.4857861564732007
203,0.9963934426229508,0.9595732068761115,0.028039629758406313,0.05848649460338622,-0.455613802648747,0.46271283414839215,2.6993058363024165,1.7617692160673732
204,0.9976054138469547,0.9765263781861292,0.04723788484547788,0.05924251780071686,1.227120014431192,-0.10057456273380411,6.795779816977738,2.745525133455619
205,0.9970943747094374,0.9544161232957913,0.034171165304167916,0.05701338067842895,-0.5609481663693799,-0.0262017620657791,4.048412500416573,1.94077889684522
206,0.9977043673012318,0.9691167753408416,0.038374609640744815,0.05812439915101677,0.42750166416175145,0.050820640896321725,3.943844568267608,2.476201841382921
207,0.9966875871687587,0.9675755779490219,0.03718623584856273,0.06038282351462138,0.14510358272819288,-0.10684012726010314,4.188338443279947,2.3676191083214166
208,0.9961436629446299,0.9663307646710136,0.037803175840397836,0.05701221805185543,-0.4558114928538764,-0.24155143439228188,3.0046128221238613,2.168599854642187
209,0.9959282491471333,0.9676348547717842,0.040815670058381055,0.05876448345713831,-0.2477696349816179,-0.2870273765252671,3.339498000183446,2.108896186528537
210,0.9967479674796749,0.9627741553052757,0.03804979318806321,0.06180079716573256,-0.032735866462944456,-0.37962821330835866,3.8276767054976153,2.0527766963766023
211,0.9972630858706807,0.965026674570243,0.03888242238253464,0.060514557320260495,-0.6732926105784143,-0.4255532132225885,4.739196596932896,2.136376990905729
212,0.9932179370381617,0.9765856550088915,0.048167415050543005,0.06082489241383362,-0.25087408368773584,-0.2759857550353272,3.1431998479640693,2.5214369352332304
213,0.9955197132616487,0.9825726141078839,0.03783745426126197,0.058039359632213974,0.05069227237300301,0.05080999016703417,3.1881201804051464,2.3162358438796424
214,0.9982295081967213,0.9682868998221695,0.029480271120952112,0.05626559681365696,-0.04361756097296938,0.2693642306326648,3.698044719460452,2.117675702342617
215,0.9966109900750424,0.9799644339063426,0.04112759245857663,0.06495432731525243,0.7329516160196757,-0.02931180378701576,4.333304358465465,2.4973676543232637
216,0.9969457420050305,0.9736810906935389,0.0376425946349541,0.058560888455841106,-0.2079205239122313,-0.07602709401987741,3.487264245848732,2.178000519055932
217,0.9965026674570242,0.9844694724362775,0.03926455836668077,0.05690937082867948,0.41595677420457605,0.37315279167073706,3.605374707111273,2.9238478239918773
218,0.9938989294347876,0.9850029638411382,0.042267733123721965,0.0582536907963601,0.01782648521441754,-0.09324868505649044,2.9862861376513568,2.5620946162543716
219,0.9965864175350341,0.9686425607587433,0.03416962370496099,0.056641672721815146,-0.5035041773823188,0.0654775838116918,3.2513296836326164,2.0756055548590187
220,0.9966875871687587,0.9822762299940723,0.040263420685448685,0.06159287299215587,0.06873274010656481,0.028165362589480263,3.799804132097941,2.701047432915401
221,0.9941227478562482,0.9811499703615886,0.042711619065484645,0.059607620301637076,0.09700468359169837,-0.5087085086188251,2.8349478866014803,2.104423182295389
222,0.9944568868980963,0.9716064018968583,0.03923212942504078,0.05941326373792549,-0.29340649577634464,0.01076207034223248,2.8998514522139947,2.4025922372696353
223,0.997941567065073,0.97113218731476,0.032748001630375105,0.05960030754369975,-0.2561367673192459,0.19779613347737446,4.073993717395558,2.39373575661358
224,0.9968730456535335,0.967990515708358,0.032296847141082156,0.05701798306550709,-0.20475122879032095,-0.07167145692236393,3.3090204054711623,2.016218176297799
225,0.9968460111317253,0.9560758743331357,0.029317696330314294,0.059760640100138374,-0.7526415856824447,-0.15833772186956563,2.6534110303949583,1.640909181666273
226,0.9941801619433199,0.9857735625370481,0.04250471981367791,0.05974221743121137,-0.06876680807437897,-0.048011642584497013,3.203607949042392,2.7694702277440286
227,0.9965619442797866,0.9747480735032602,0.040115629762266306,0.05822615005711564,0.11363546459350106,-0.15384336725043082,3.4839041501954413,2.3186101692139913
228,0.9961704961704961,0.9686425607587433,0.03532644203562878,0.05870911184519015,-0.00973111186932327,-0.33224365489396546,3.0619305210631187,1.8803027304089222
229,0.9963585434173668,0.9651452282157675,0.03802852813109061,0.05929500302062068,-0.39714149476266714,-0.044722560632356335,3.5388535999926556,2.3805167167459502
230,0.9956471575414306,0.9816834617664494,0.050830609760191936,0.05882709982157913,0.010733786093557868,-0.22460892730294726,3.9428862019236197,3.333373109328166
231,0.9976221357544315,0.9694724362774155,0.03440110823626653,0.06041403707003258,0.1053777238654279,0.21545002064310362,4.8211601019540495,2.3828934912739954
232,0.9968370445344129,0.9672199170124481,0.031113582097619094,0.056346916236465525,-0.26078829519755736,0.428338126849943,3.091595547576114,2.118040147779199
233,0.9950716845878136,0.9656787196206283,0.040795040683662104,0.06463267214985488,-0.49846679194571253,-0.21278119482910615,3.382366950467894,2.2418967992685164
234,0.9956569610961585,0.9648488441019561,0.03764547676546362,0.06048262039138326,-0.5793264762803555,-0.2685295280831192,2.9605457964377795,1.8853181592523751
235,0.9960086668947429,0.9770598695909899,0.0426603960432313,0.05798728986576272,-0.14779252345089378,-0.06667926197291381,3.32933368003568,2.6457323347107944
236,0.9959527106188093,0.9668642560758743,0.03664694827852635,0.06280691596646008,-0.0478739114852832,-0.4558270651519489,3.380411786738374,2.1515531208683836
237,0.9947047312075514,0.9850029638411382,0.04879633400687758,0.06538415271904956,-0.4574142984547907,-0.7763528656641522,3.918814957079675,2.9948975956641064
238,0.9971694971694971,0.9608180201541197,0.035000217502571075,0.05661582069655048,-0.5009500026237139,-0.2024448505186306,3.8759332031305074,1.9408205386154949
239,0.9955346219721067,0.9685240071132188,0.035882528332031184,0.05908528729376872,-0.5309850053182551,-0.3040288913348483,2.942584966492605,2.0289055633950155
240,0.9959183673469388,0.9650859513930053,0.038196012936887395,0.06371555002980167,-0.13521425016380242,-0.3278615105187994,3.421395066533132,2.1244216794324395
241,0.9958668813741278,0.97036158861885,0.0353991955903857,0.05860001940633951,0.08629378882272466,-0.17107774222296382,2.866703396144822,1.944275158002735
242,0.9953379953379953,0.9823947836395969,0.03950969158938049,0.05834242638682031,-0.008611028849798297,-0.317655119881325,2.7764944488071452,2.18701814420151
243,0.9953764078245406,0.9752222880853587,0.04228931992225497,0.05985215030903917,-0.3110366305216599,-0.2745503388336106,3.2893676938975744,2.476106787321925
244,0.9980743691899071,0.9583876704208655,0.027726378437249462,0.060549267695265405,0.03721952575182925,0.05431600940490917,3.6510481866074094,1.8609830792542559
245,0.995077082523643,0.9800829875518673,0.04003124259601154,0.0595212003065064,-0.05732756132956652,0.06626098124441987,3.1305551937304488,2.603373349910945
246,0.9941420811588029,0.9828689982216953,0.04816325649713644,0.06385505383744423,0.23765951249568062,-0.48992551010338675,3.3772898445342325,2.437830634950226
247,0.9968639525601551,0.9638411381149969,0.032396293950343054,0.059951977913667666,-0.1361065887471248,-0.38533437487189914,3.247458041079601,1.8475937461345204
248,0.995946223316913,0.967397747480735,0.03983402193013095,0.05917591027873571,0.12522146433148426,-0.12619683895417036,3.5984363306110083,2.13067721466088
249,0.9956485702445089,0.9713100177830468,0.03685661304367647,0.061050395119610426,-0.3640847246617897,0.1155896680315622,3.1894926176225953,2.2713719061213222
250,0.9969445656918376,0.9615886188500298,0.030950063378070634,0.05466170252420802,-0.6977843780393906,-0.08822926310246972,3.0944095773013203,1.8046914174824733
251,0.9967061923583662,0.9676348547717842,0.0385735772983917,0.05733784211857348,-0.6574291822776464,0.08032967438083571,3.9208539441161934,2.128442209844887
252,0.9952108276939094,0.9694131594546532,0.040430433550154556,0.05925133662548527,0.17889601534932403,-0.08641947386595125,3.1720002458523324,2.195548339992575
253,0.9943106958917235,0.9740960284528749,0.03938231391535713,0.05991380938790728,-0.11325286128247694,-0.32754222111668213,3.066176314013283,2.3444017537096915
254,0.9978491902834008,0.9645524599881448,0.032792857763661615,0.059567590755147004,-0.373192476624707,-0.26352389734945353,3.679669777294702,1.9488844264178558
255,0.9955346219721067,0.9700652045050385,0.03658654401444842,0.05834597370718993,-0.31132866050564995,0.0833831224756193,3.0328185389828923,2.209433599364205
256,0.997159090909091,0.968998221695317,0.03587238251216238,0.05973543648594859,-0.13746703418507078,0.3640751568356721,4.059588946660273,2.430621431896308
257,0.9935857963875205,0.9850622406639005,0.04579830101527371,0.05913559615721945,0.2673564000197732,-0.5576251190541216,3.1206225626025477,2.3571086998910986
258,0.9949152542372882,0.9704801422643746,0.039541574001865074,0.059026315285734834,-0.20922922384204726,-0.13607791670922273,3.12578895168662,2.0491549894163117
259,0.9945588806840264,0.9608180201541198,0.04092827607764912,0.06099932125448813,-0.24588314184576476,0.13844911569869442,3.448539809206015,2.4478737400016803
260,0.9984429272966823,0.9663307646710136,0.0336063388455996,0.05717871505242533,0.23554072791275477,0.15857737732209867,4.844742210594047,2.1725710344866687
261,0.9975490196078431,0.9707172495554238,0.031173485100492046,0.05702437271270642,-0.46316057117014897,0.3327549471475484,3.9810729905738844,2.177205620515576
262,0.9941639344262295,0.9855364552459989,0.04162474209994062,0.05660098937165308,0.007029725355595869,0.4348859650902105,3.094681174276066,2.733849352425746
263,0.9970884658454646,0.9643746295198578,0.03553675849273956,0.056974130892945486,-0.5680135635404309,-0.3277033676353137,4.20768393494022,2.0924005127435468
264,0.996837044534413,0.9727919383521044,0.03396687687995974,0.05809621445964759,0.3245634644802841,0.4713528868367238,3.382149679761188,2.3045714239987567
265,0.9970056294166967,0.9630705394190872,0.031886983001586953,0.0582936448819511,0.12867579993951342,0.014600271099565292,3.319511562403635,2.023967588175392
266,0.9956415620641562,0.9679312388855957,0.03961613706698575,0.057114503965043355,-0.031305289992997254,0.19614471334207464,3.1332397628064106,2.3155980804371565
267,0.9950757575757576,0.9716064018968583,0.03873203251845262,0.05962426527871728,-0.14225612484569045,-0.31313558892183097,2.952816107972664,2.186573628338229
268,0.9971490477819591,0.9647302904564315,0.03392497673427081,0.06203353766969317,-0.2955855194917707,-0.5011944664152813,3.073642869951526,2.059311261077158
269,0.9965713621571362,0.9698873740367516,0.035814840820287464,0.05851962886031072,-0.11703980103300068,-0.0699683889877827,3.4411508608452492,2.2507799211561648
270,0.9954971857410881,0.981209247184351,0.03703128538584965,0.056769797234922335,-0.4209574503480073,-0.09569363104900666,2.8554557448031486,2.3591757049152338
271,0.998898821090815,0.9556016597510374,0.03133336846038444,0.058251799412649984,-1.0528166966035564,0.1318868803536231,5.9645601193991595,2.036675675229514
272,0.9951651893634166,0.9775340841730883,0.045241633776533376,0.05958443004879806,0.13402086271496066,0.36355204940594044,3.8392024857852634,2.857640752346844
273,0.9977118119975262,0.965797273266153,0.035464207198832476,0.0582111817144312,-0.18307123554188107,-0.3515628544253758,4.178752726531723,1.9397388015431498
274,0.9935941120348917,0.9677534084173088,0.03881504921255499,0.06387953105374898,-0.573085514283247,-0.36230752912808595,2.648011154257365,2.0441494208584494
275,0.9967990515708358,0.9716064018968583,0.035509714996768894,0.055687439014471596,0.1106414349502722,0.22767317673434678,3.5172500743621824,2.300231430112012
276,0.9956471575414306,0.9828097213989331,0.041826280327520844,0.06102513721935315,-0.08842549032693854,-0.35266152455924465,3.1819922120415307,2.542632974158831
277,0.996935584740463,0.9541197391819799,0.03058093062191177,0.061238485417472156,-0.27587521281761795,-0.11967776954437158,3.1680098883514844,1.8060181763460117
278,0.9972478238607271,0.9584469472436278,0.032920424554189205,0.059579688826598205,-0.2192328186793947,-0.08220302000994886,3.351498769808718,1.9285845259150372
279,0.994717728623308,0.9717249555423829,0.03593686978296397,0.055044517197998126,-0.15487181463782299,0.051897400748250944,2.7461822092898087,2.062277463176258
280,0.9974025974025973,0.968583283935981,0.03830992516722904,0.057002595014839716,-0.7792242468042101,0.02792888319335611,4.005308165091048,2.3095200067713173
281,0.9954911433172302,0.9787196206283344,0.04085118781518359,0.059129329702133644,0.0017585217401022981,-0.18356787405329053,3.3449251115279743,2.352683021815585
282,0.9966450216450217,0.9666864256075874,0.03667208598547394,0.057727072687363365,-0.2214115854283603,-0.310386878352735,3.442823296091449,2.092457778893991
283,0.9977804084048534,0.9678719620628334,0.035805068760642586,0.05780076961859427,0.8261370660126639,-0.2104461138414854,4.3031487843680285,2.0716686770486645
284,0.9972204740927207,0.9675755779490219,0.03773562887213984,0.06471045676290889,0.5131147911933193,-0.4045934944035748,4.232975230862984,1.9608884093993033
285,0.9967809967809969,0.9589211618257262,0.03276877097362582,0.059769214622659765,-0.05993304693141824,-0.20897204935876162,3.552798529725874,1.9132136978412542
286,0.9958192090395481,0.9586840545346769,0.03474852467327529,0.0600791345703277,-0.1726962070560437,-0.18137019747823788,2.8156569045222324,1.7973777491925562
287,0.9962622950819672,0.9506224066390042,0.03100396092008352,0.06414810163056232,-0.9654285212118999,-0.28438289907934305,2.6996548091957937,1.4559084247090468
288,0.9946125155408206,0.9723177237700059,0.03716586653202007,0.05717653441433623,-0.33911769520408097,0.16295515008187125,3.346111038255907,2.2868136222554387
289,0.9965619442797866,0.9754593953764078,0.03990510486987487,0.05889117024788664,-0.22606494771456961,-0.22886332122875847,3.535931824986875,2.4415056836543427
290,0.9952341483630336,0.9637818612922346,0.03675707486143133,0.06144683054121656,-0.2989580504135668,-0.26529617611785844,3.010203128419438,1.9533244519465098
291,0.9973268247326825,0.9624184943687019,0.04169049356603218,0.06118036714802191,-0.576647882572975,-0.30159601057447877,4.911802823832975,2.4306644212032493
292,0.9968730456535335,0.9714285714285714,0.03040564134660164,0.0568102808362843,-0.4024136700800664,0.05322920740379469,2.9194622324012354,1.9134236185590927
293,0.9965133349645215,0.9666864256075874,0.031956433525494335,0.05661348699330454,-0.2510281888274312,0.18774439068609555,2.791954281894496,1.970196761859762
294,0.9970954356846473,0.9566686425607588,0.03387325799524324,0.057807718716603305,-0.2506247353519214,-0.059021864720905114,3.4329444455718394,1.9844466685193505
295,0.9963725871226844,0.971547125074096,0.03562745317511653,0.058734598698053524,0.23145045865542702,0.06990540074328448,3.6521979390439974,2.218890206470538
296,0.9951765188834155,0.9721991701244813,0.041890491982723176,0.06336743470780135,0.10758377146959947,-0.5333606352392519,3.0413833537963293,2.1961370881000164
297,0.9966965285554311,0.9669828097213989,0.03653867894970684,0.05901588628829574,-0.22859120023317947,-0.14610954409057045,2.8013737712087714,2.0061768868319843
298,0.9981060606060606,0.9615886188500296,0.03192792169887219,0.05850311807974174,-0.5581494689228635,-0.24417686904170455,4.055295571650253,1.8989920721616516
299,0.9972740902276135,0.9617664493183166,0.029884854039787842,0.06106318723258476,-0.22969233754928858,-0.20285570541691064,3.3864935433025454,2.0073354935364365
300,0.9982216953171309,0.9641375222288084,0.03372188881127301,0.05525216013885033,-0.3689934638831164,-0.3542480144543005,4.6308801392345975,2.019646997147492
301,0.9977003146937787,0.9819798458802609,0.04012455164459036,0.05782616957453033,-0.05366571140042585,-0.05280098191411662,4.471869137752035,2.7840229119721696
302,0.998409277504105,0.9613515115589805,0.02778326969232053,0.06063268764086318,0.3286161622026322,-0.3835481223845591,3.688957371549717,1.5932619542205093
303,0.9967320261437909,0.9755186721991702,0.036623808565490426,0.0597150697780106,-0.20251668054017535,-0.49006486087844475,3.3480627807578145,2.131537489792537
304,0.996882265905728,0.9719620628334321,0.03636417869768505,0.06050646980195189,0.3741802958731925,-0.5022874505367869,3.204964863488867,2.030459489383638
305,0.9958248987854251,0.9588026081802016,0.03485336375381769,0.05736719554741625,-0.3549463204143918,0.1500077784700821,3.7033358157011342,1.9605274626545146
306,0.9959134338666974,0.9649081209247184,0.03150595552827412,0.057528600789883665,-0.07340493841401376,0.25096180277954433,2.7669686386442294,1.9251819845229639
307,0.9982394366197183,0.9536455245998814,0.028353357862553472,0.06154569011776979,-0.1648387886030981,-0.47136563953798294,3.5911842834868795,1.6276688833977353
308,0.998963596320767,0.9484884410195613,0.025615635069776727,0.06014922232789282,-0.9783996521284855,-0.1462946059215589,5.440535747234797,1.6414804669663126
309,0.998056743101438,0.9602845287492591,0.03137641653550488,0.05760717332616784,-0.9305872633004577,0.15264341714664378,3.665432287199846,1.84375676774416
310,0.9957058507783145,0.9776526378186129,0.03906932564578919,0.06004667984063561,0.5346683061778674,0.14123035558028155,3.273318800293266,2.1242263399840637
311,0.9962292609351432,0.9634262003556611,0.03686749734978766,0.0613491847145178,-0.4981993559573276,-0.03783354319989441,3.285272351007815,2.1140684541000843
312,0.9966666666666667,0.9522821576763485,0.030305440385909516,0.0570775117517932,-0.1123705666728699,-0.11097619954643682,2.946085846806879,1.5893744907346996
313,0.9961268458000484,0.9626556016597511,0.03358566849175215,0.058004635454283755,-0.11557317756398668,0.053276771761369635,3.228906917419412,2.0112774073368374
314,0.9964862597021188,0.9743924125666864,0.03267690413807631,0.0558891196452199,-0.26364558548026684,-0.18591796119111026,2.857258095338615,1.9390599216374231
315,0.9933954933954934,0.9861885002963842,0.04821368880233626,0.059967293719864416,0.10883723875089171,-0.12351436699890377,3.4113664871406706,2.9564470595744097
316,0.9967737854251012,0.9691167753408417,0.034846309544844474,0.05715616638539166,-0.2787304539518304,0.03953188035384602,3.1984179170715277,2.1273677303096457
317,0.9957792207792208,0.9700059276822762,0.03656367848608704,0.06181572731746916,-0.08879690874285659,-0.5351444409693773,3.109539707434281,1.9378490851565795
318,0.9961581920903955,0.9736218138707765,0.03225390795456512,0.05778594070161923,0.03058494719963875,0.12231639455016878,2.8694673636595063,1.9378515292121885
319,0.9947769953051643,0.9603438055720213,0.03839456761300796,0.05998346262795421,-0.0401710997830385,-0.12146306043290606,3.080406939928099,1.849581411743764
320,0.9981447124304267,0.9607587433313575,0.028498952047680947,0.056218944115108166,-0.0009145516499902825,0.17542823231841903,3.733208740584694,1.8892748846683596
321,0.9989993746091307,0.9532898636633076,0.028130879406201178,0.06209222762402864,-0.5624400895554196,-0.5596352004270035,3.7870069428857076,1.5716723116009101
322,0.9982510687912941,0.9521636040308239,0.03213835236641285,0.05931194998430662,-0.9296416762023463,-0.31662295591465567,4.335244037269449,1.845004229090674
323,0.9962622950819672,0.9804386484884411,0.03714029858327216,0.05528694585138291,0.05903655528425922,0.10122563373915423,2.978941519334014,2.394501810528552
324,0.9957264957264956,0.9781268524007113,0.03750318129189625,0.05780349303206941,-0.15237920363197424,-0.44295674654647366,2.916313391513102,2.1884781032008336
325,0.9973697088328848,0.9702430349733255,0.03243559769964818,0.05669794844198867,-0.36429576087955756,0.18700440832171158,3.4906967860865605,2.0201307933168438
326,0.9949803579223047,0.9770598695909899,0.03673445251002875,0.058119244385894685,-0.037877951639495075,-0.3239042426094945,3.0778464626040294,2.13270061508865
327,0.9974248412983591,0.9489626556016597,0.03023103925249074,0.05783517569732039,-0.24131003688874553,0.2849750714769754,3.26970690718665,1.7627504800558003
328,0.9969768820391227,0.9694131594546532,0.03427499822012127,0.05659391507659601,0.3708340554026625,-0.14484506067805666,3.942560401656968,2.0286032923001733
329,0.9989508196721311,0.9514522821576763,0.021967145840072463,0.05926648270769918,0.014330270209281326,0.3145194487971132,5.601024660011708,1.6710357169116854
330,0.9966435567293935,0.9668642560758743,0.039682105407238835,0.06522877275821774,-0.28139370389437857,-0.35472167943668187,3.505438609955718,2.161129505230169
331,0.99706457925636,0.9617664493183166,0.030185301047627892,0.06468484718292285,-0.25800342072835614,-0.48264886638017657,2.7312213096913176,1.6758579918181664
332,0.99624303666278,0.9605809128630706,0.030697370076814508,0.0608685423467283,-0.31559883007833,0.05560573492591691,2.938536071408483,1.818773486550855
333,0.9957913455838767,0.9553052756372259,0.03445344893883981,0.05823251407325814,-0.787108812374946,-0.18612948377007718,2.9816741911319244,1.6823967344285438
334,0.995012307293691,0.9719620628334321,0.045214912427361455,0.06065600266770469,-0.5739412470574441,-0.5909992833047554,3.4800573412471323,2.5664943526071187
335,0.9968227655753558,0.9631298162418496,0.038709106181129306,0.062291754346574656,-0.16767704913322362,-0.05801803670048877,4.060544178638298,2.337469423204816
336,0.9968919968919969,0.9647302904564314,0.03503000678215024,0.06273154158028416,0.2012605592945365,-0.49900049818023345,3.2579361102538824,1.8156904409819286
337,0.9971232020012508,0.9542975696502668,0.030790920456773712,0.05742651608948941,-0.29439269530288065,-0.0015122580677756306,3.280663204634894,1.7767259014804118
338,0.9974063765182186,0.9682868998221696,0.03075322715624916,0.05787307188336129,-0.12517012316772322,0.1028319660537205,3.3036436822711535,2.000918709247626
339,0.9958192090395481,0.9858328393598104,0.04181505172231478,0.05740937567051267,0.38201325237023165,-0.30938494928833726,3.9637257041102787,2.5497463982194404
340,0.996244131455399,0.9682276229994073,0.0344373023263974,0.06276747701607134,-0.0412427218097818,-0.35818821605438483,2.9956007051977553,1.8806406496833414
341,0.9973649538866931,0.9606994665085953,0.031136697163127492,0.06373280096100611,0.10680342978416207,-0.4415682400859784,3.5232480181153694,1.6708102475310842
342,0.9987980769230769,0.9532898636633077,0.033426906470166155,0.056931359413750306,-1.1703857019105268,0.016736601020357077,5.314499646769599,2.013562258223824
343,0.997518760590656,0.9516301126259632,0.027821441464130788,0.060441099366011254,-0.4716975830683034,-0.46180346175599285,2.9281958547481732,1.5407582960320942
344,0.9960663277656742,0.9588618850029638,0.03658017773004375,0.058793162718660065,-0.6286217799150849,-0.16842212881806556,3.445892780970783,1.8896656492915422
345,0.9964978111319575,0.9754001185536455,0.03272845677467401,0.06149521157336922,-0.07995104560285608,-0.09911273519582103,3.0056468792030886,1.9284275130193045
346,0.9973697088328847,0.9650266745702432,0.03015141542484406,0.057027359474790325,-0.02467318082240605,0.1594291878978436,3.729263769650135,1.8724828505740165
347,0.9957320687611144,0.9833432128037937,0.04190595944020503,0.05929943249182487,0.07909397637202079,0.005467855627373119,3.2347046286524503,2.47587955396098
348,0.9932871134587873,0.9733847065797273,0.03955785473900879,0.057914999648425135,-0.33839968875303705,-0.38136925271126254,2.676127806953423,2.0028046653132168
349,0.9973372064875333,0.9705394190871369,0.04239072838837449,0.06198915144782706,0.426521652485452,-0.3631480201559625,4.220183483441319,2.394731966095761
350,0.9972161704187849,0.9659751037344398,0.03376820735587838,0.05874688099113646,0.01382764677193131,0.06239642199255679,4.00638990601306,2.0324181828285486
351,0.998488241881299,0.980438648488441,0.04463088839250646,0.06108682896450447,0.7935890761239999,-0.17829407056425992,6.267250002851416,2.8691412715414004
352,0.9951393005334914,0.9690574985180794,0.03880109334476169,0.0641791856434764,-0.5669477744236974,-0.6665971132137285,2.845505307482561,2.186525150050588
353,0.9962226871222687,0.9781861292234736,0.03835453308713169,0.057201928140707965,0.3421137794838188,0.28199478163514763,3.3500809401992195,2.3958411390648813
354,0.9952688944783807,0.969176052163604,0.04059262027647561,0.05724273487713014,-0.7579492506884404,-0.36226929788955364,3.319655447622264,2.2798938761108642
355,0.994621365427628,0.9796680497925312,0.042414518613991335,0.061462094390360135,0.5168325734516509,0.15114965525474314,3.2573952077024413,2.5673081454452458
356,0.9980430528375733,0.95334914048607,0.029871332436652735,0.056096733425683824,-0.6999979975890606,-0.052167968815869964,4.489975791675133,1.7723238216769701
357,0.9948005872277955,0.9751630112625963,0.04297860123257052,0.056301727136701736,-0.3259039800681765,-0.10635059788455074,3.260710201940346,2.4914086780244777
358,0.995740762058248,0.9609958506224067,0.03700152841710086,0.05793876155105672,-0.35845984844895856,-0.049742145281395575,3.0749636538308813,1.9829712936413686
359,0.9940140439737539,0.9714285714285715,0.041780159457809725,0.0584108998207397,0.0019491242113185904,-0.48176170995697865,3.084713134407928,2.067355194485461
360,0.9954647370566654,0.9685832839359809,0.04294465062948202,0.06333665341858583,0.05005024933812602,-0.6486108463173104,3.4828214191342948,2.05096625571341
361,0.9967357910906297,0.9612329579134558,0.028090962589020434,0.059673213921760934,-0.10625812825431066,-0.019185391990394506,3.0934272365327327,1.8055672134758332
362,0.9938006072874493,0.9864256075874334,0.04201576736688884,0.05970831105506719,-0.048321705291860174,-0.26484217519807934,3.0578674516307056,2.76564501660715
363,0.9965285554311311,0.9683461766449318,0.03677739298855007,0.059654929788010715,-0.22166524878720095,-0.2947525564911951,3.8552283234462537,2.1209723293492004
364,0.9987455810240621,0.9534084173088323,0.02818118414945302,0.05460385465073328,-0.6530791674343583,0.12962509506008907,4.72111512333498,1.6654540120849461
365,0.9958683473389355,0.961292234736218,0.03444012819217735,0.057548789413950516,-0.8370037663033031,-0.04426150770317751,3.3172749234182426,1.9179397790419006
366,0.998679432155827,0.9714878482513337,0.042278949501724596,0.06437012385890546,-1.0341309354418329,-0.7282539429957959,6.445235152373092,2.553804504406648
367,0.9969491525423729,0.9671013633669234,0.034873295034893656,0.053602336715958036,0.3912130659874741,0.44870701871585283,3.8523956519630125,2.35453931946673
368,0.9972417840375587,0.9499703615886187,0.03076070595617919,0.0606784417745207,-0.5198070838880574,0.11275852896007335,3.530205224844972,1.8560139290492734
369,0.9960284528749259,0.9583283935981032,0.03366593207407409,0.0587470860490694,-0.34808073774228243,-0.20627407297431927,3.4619143096757563,1.9376636905870257
370,0.9951877934272302,0.9810906935388263,0.04304655275736772,0.05640872711905026,-0.031720431246310674,0.15776498894975138,3.3138270046451526,2.6045466974738103
371,0.9943502824858756,0.9718435091879075,0.03994471277081892,0.05514262283065124,-0.5461015639123735,-0.24057042748325794,2.9251969737566736,2.0780295256210564
372,0.9973442155719653,0.9603438055720214,0.0318810149016027,0.05637402613874982,-0.32613065461076063,-0.2693273590048504,3.2444775672064234,1.9435084645709593
373,0.9964666427117022,0.971547125074096,0.03992954847536668,0.05789782542639103,-0.07168882159997876,-0.37580895026754807,3.49541224596611,2.2347835898488495
374,0.9936076243607624,0.9818612922347363,0.043317359671437176,0.06138880273859704,0.06407094417140004,-0.34535669922787,2.9215504349511816,2.2762849435679637
375,0.9954264191552327,0.9779490219324245,0.03448299945274542,0.06049734302311229,-0.3075781312004478,0.07070369031553222,2.7042263222658347,2.3593239900883276
376,0.9960851480303401,0.9733847065797274,0.03728230498914241,0.06120512355793721,0.060241561032437434,-0.26151029684657284,3.698041570359403,2.255856033667775
377,0.9958677685950413,0.9576170717249555,0.03507059987293103,0.06431349169800607,-0.39434319067764734,-0.37802458946266787,2.5422090863883717,1.697802292231414
378,0.9957577870757787,0.973325429756965,0.033546480022568555,0.05734620768687928,-0.05162776990917487,0.14299372461524515,3.1291138760485517,2.301939509191657
379,0.9953591606133979,0.9808535862477772,0.037102995800009614,0.05759946911354162,-0.3767657088501702,0.2850461527024564,2.8913054007837933,2.431831866078966
380,0.9933098591549295,0.9786603438055721,0.04401218200874069,0.058881479564774825,-0.34327324921458874,-0.23421219852183564,2.9957061976264026,2.37491151964817
381,0.9958732254869594,0.9688203912270302,0.03557326101321467,0.05419161405776041,0.16679715718644714,0.2295821087150871,3.0057603555418275,2.23608782588069
382,0.9958847736625515,0.9724955542382928,0.042556371518359344,0.05871167840369566,-0.18567488296747514,-0.12094536105773342,3.7897629576398604,2.581754293232356
383,0.9981022267206477,0.9634854771784233,0.029490943538399032,0.05646884534966624,-0.45698499200041853,-0.01210132820202026,3.4574013623840054,2.0596968203229826
384,0.9964978111319575,0.9561351511558981,0.03404575730397922,0.058582174552128274,-0.2464440176317467,-0.224409815417017,2.918470477215462,1.7549961138094665
385,0.9961657390228819,0.9675163011262596,0.03903506711301245,0.05815832422018236,-0.5091503240069223,-0.026949029151195222,3.363614544268437,2.1720764639033705
386,0.9953817733990148,0.9741553052756373,0.035222360159170615,0.054815535449596046,-0.20493439733819732,0.02351077408464598,2.581801522962991,2.0521906726955863
387,0.9963512677798392,0.9680497925311203,0.03302465293133055,0.057222206520614695,-0.3814986027459251,0.057546871418503516,2.9892043436722555,2.1696643300394416
388,0.9960487109729239,0.9680497925311204,0.03566705373044077,0.06149116804804739,-0.22919430070075714,-0.4309772329835466,3.1483614541373397,2.090549672618282
389,0.9959276560067074,0.9708358032009484,0.03346588883069933,0.06122599231715252,0.06816757375755313,-0.2635301993586952,3.1679838477922138,2.0188633264713705
390,0.9974443983975687,0.9598103141671607,0.02749610188797226,0.05624936464215203,-0.19926695216119106,0.5086456798075957,2.8747152915145096,1.8918123043343793
391,0.997742363877822,0.957498518079431,0.02765332430095273,0.06051480415301898,-0.7738239350067009,-0.2610925388785124,2.98342861579533,1.6171697168918362
392,0.9980210265924552,0.9605216360403082,0.028197200834106196,0.05487928996031098,-0.4207362270135165,0.2941978742278589,3.786146746767813,1.7765757865936462
393,0.9983114446529081,0.9606401896858329,0.03164788875802254,0.058270446581602756,-0.46793692217482813,-0.40279676063966274,3.83255249947165,1.7527682752322222
394,0.9986542696354295,0.9639596917605218,0.02735115760100125,0.0566115689725607,0.251368750957667,0.1939951712454028,5.55557145894186,1.949146262775657
395,0.9961191525068178,0.9721991701244814,0.03682705822633073,0.058374366749404244,0.16814292314220522,-0.2808120756041997,3.0860019779541368,2.0795391802646654
396,0.9933017190278601,0.9786010669828098,0.048244951097661457,0.05910717942417955,-0.23253558087878992,-0.32481239875276,3.46554922586633,2.724558085347344
397,0.9962275819418676,0.98298755186722,0.0402465675562076,0.05675956867427006,0.11013800968820125,-0.1034992328192223,3.9782001190920635,2.593130459690692
398,0.9975011622501162,0.9639004149377594,0.03822988368996045,0.05843826062518394,-0.4975718697503365,-0.020878166134121114,4.701818670813433,2.15413032192877
399,0.9957320687611144,0.9627741553052757,0.035031196149432536,0.06498308641759343,-0.1882342407590705,-0.48946473323625256,2.5537924251345823,1.7330727104492851
400,0.9968105065666042,0.9682868998221695,0.038795837320330574,0.05835048355048311,-0.8284125169565831,-0.13004093432448657,4.170467422107689,2.1428615207534127
401,0.9968460111317254,0.9644931831653825,0.0331293150168333,0.05606083606537198,-0.1772367462379815,0.4326933759026993,3.3277722496076603,2.176891027218521
402,0.995521665456306,0.9569057498518079,0.03573817474836214,0.05922920656216952,-0.46717318256187607,-0.1259748564489298,2.791405276673775,1.8873851925086322
403,0.995141857753595,0.9728512151748666,0.039153444165876454,0.05625785045139094,-0.28655751410565233,0.22926254181702618,3.3718719922526175,2.439960465104994
404,0.9962044534412955,0.969946650859514,0.0358720553426053,0.057529045439768195,-0.07344845807148326,0.29542825254864385,3.557187106952183,2.3038682483255495
405,0.9955952843632595,0.9714285714285715,0.03499217658780844,0.05675481977744456,-0.26835218109020237,0.24490079752720395,3.1295874035657785,2.2898693748216465
406,0.9954413593037712,0.9765856550088915,0.03622304244923029,0.055258865136227034,-0.16683395585949184,0.5898541354735288,3.82116068966674,2.34156206752421
407,0.9946101329500538,0.9778897451096621,0.0381146830893328,0.0597846302691431,0.0014963451623572184,-0.10215240939319098,2.8491568287373013,2.1951589314689572
408,0.9962894248608534,0.9623592175459394,0.03171017660566217,0.05938317006244265,-0.2853993898375288,-0.07549924712600721,2.9594008513201326,1.8657856235159684
409,0.996406755300036,0.975874333135744,0.03546548969038223,0.05761415276277706,-0.1311699146832462,0.016255911774309767,3.253093405715327,2.3876593286180428
410,0.9964078002052685,0.9693538826318909,0.03601263284447787,0.0569201891546782,-0.5935423489525341,-0.3043271288347407,3.505354954391204,2.0512783336129803
411,0.996059496059496,0.975281564908121,0.04271298453922199,0.05779720497448549,-0.38622818958060684,-0.21516767829459227,3.4147735281182596,2.444302723423411
412,0.9941908713692946,0.9740960284528749,0.040148723996538016,0.06005398413990218,-0.3091178953894333,-0.4462917048217016,2.830746138905559,2.1733584986254297
413,0.9973062577704102,0.9641967990515709,0.036413471081706804,0.060300941902592116,-0.225153378488104,0.4501755627911615,4.300188447917381,2.4001901245682546
414,0.9972105997210601,0.9692353289863664,0.03686692032271511,0.06081137671041341,0.5087808217717945,-0.43408100166336194,3.9610821693037264,2.0678717342574333
415,0.9985610682629216,0.963426200355661,0.03661566481888627,0.056516795719244166,0.028444049022942106,-0.14110832061836862,5.532038774738153,2.096304158350081
416,0.9965437788018433,0.9693538826318909,0.035208487049276246,0.06298681396197141,0.2035267221083831,-0.10062761429398046,3.3057200523272,2.086485693935899
417,0.994820717131474,0.9724362774155305,0.037345513120090004,0.06364552814662706,-0.34770677511588166,-0.29342303303969347,2.714629348668652,2.0226633465204555
418,0.9986229508196721,0.9501481920569057,0.02066048215381288,0.05930462834721868,-0.04169286907107452,0.16612299139620762,3.1287313819825053,1.5620673719725893
419,0.9976393442622951,0.9619442797866035,0.03061166461190829,0.05796669837326794,0.030689771791841132,0.25508974823228014,3.9694136152879436,2.0391233628955283
420,0.9995106435037925,0.9500296384113812,0.031833806472248496,0.056861918702310686,-1.4522706109632533,0.08319668267071435,10.086194236934743,1.9369067359517678
421,0.9955084441250449,0.9755779490219325,0.039192786813935676,0.06408067976978349,-0.018200657778222495,-0.37412011560045016,3.074388991957414,2.1959315212014334
422,0.996533509409046,0.9672791938352104,0.04183961926741375,0.05702399447723339,-0.2989243343554414,-0.22811078359252934,3.769267624103362,2.1871939957466804
423,0.9973325429756966,0.9611144042679313,0.03239610658134977,0.05581267690210902,-0.5635251256260807,-0.023477687236778972,4.173093877522698,2.0031982797192867
424,0.9947954490438151,0.9681683461766449,0.04306565508001847,0.058281429391335286,-0.18714060696571122,-0.011118171494793912,3.488384022554257,2.6392964117372504
425,0.993447474106954,0.9851215174866628,0.04334089690930847,0.0577297828027045,0.07147981346339184,-0.23952169171547055,2.7970634775270087,2.411813934685331
426,0.9979843225083987,0.9528749259039715,0.03356866804724342,0.059635613350986466,-0.23545288039322398,-0.3438913373922446,4.572689558175363,1.8030906880133588
427,0.9943075117370892,0.972139893301719,0.03853108862221433,0.05832980145917515,-0.03830353705265242,0.05151663209731118,2.763829606157449,2.192516469979808
428,0.9953672316384181,0.9640782454060463,0.03601994279181093,0.057824196701173475,-0.23745550593886358,-0.31740060561728917,2.844587777805403,1.7857040598564662
429,0.995850622406639,0.963841138114997,0.0326501413924949,0.060611989982859917,-0.3434942021738675,-0.10848533465280137,2.5146446806652207,1.7245034850518945
430,0.996271186440678,0.9633669235328987,0.032018375314578115,0.06212175807786084,-0.08598257285416366,-0.46282561558723184,2.8801576206934802,1.6230315046967465
431,0.9950594121325829,0.9668049792531119,0.04091065372907068,0.058290010504473445,-0.36340639856084617,-0.03547848044308218,3.367519294926244,2.404949525648727
432,0.9936588459099557,0.9781861292234737,0.04469165605780229,0.05843326334718618,0.07050359222999097,0.224912833377419,3.0947046411099843,2.6045410104309488
433,0.9967223252937539,0.9624777711914642,0.03647391022606355,0.05680705312108693,0.055120557041204776,0.17355998857860958,4.3872619240535125,2.3249593694602018
434,0.9974856321839081,0.9618850029638413,0.03514642829680882,0.05719573031555313,0.035467790502100686,-0.25281906177518054,4.348836358096864,1.888547738453647
435,0.9924963009934475,0.9854179016004742,0.051226956135489804,0.06385484491321249,0.20149703816663306,-0.63367655862917,3.1641010833314307,2.653239442279053
436,0.9974106954132319,0.9712507409602845,0.03567445589345389,0.059292238626224396,0.130871245817286,-0.5618303394055512,3.6488959242504952,1.9359091389713574
437,0.9954954954954954,0.9778304682868998,0.042838209452179636,0.05757245382081204,0.08369718831394325,0.1567987860238045,3.6602845389899454,2.6365239339012345
438,0.995950704225352,0.9701244813278008,0.03803977965796055,0.05899196907011258,0.00323945016121675,-0.33695779818611754,3.8673451929911287,2.0021155755676916
439,0.9953287818900467,0.9696502667457025,0.036764366990560064,0.05752360019239878,0.2648346579355303,0.33971824958183405,3.110097067252924,2.166156242794281
440,0.9952636968766001,0.9694724362774155,0.03828005179622467,0.060477673242344224,-0.12833742446752372,0.024664836317244993,3.4812059424919437,2.316387617085602
441,0.9985279057859703,0.9598103141671607,0.02632700454635832,0.057744333710702846,-0.38526475795356363,-0.04171664272410383,3.598202927856335,1.682868680387708
442,0.9950847457627119,0.9622999407231773,0.03550588984100962,0.059366667466830655,-0.3199464014077739,-0.00894559291417438,2.853210120455722,1.9495565634751801
443,0.9963248369887374,0.9621813870776527,0.034031878575721125,0.06110049643973409,-0.22582045211867827,-0.07785643020961319,3.2933091530961724,1.8791525357087535
444,0.9955086032388664,0.9848844101956135,0.040359354894596536,0.05808156143908143,0.08470782714674871,0.10205281774165371,3.6140033457856093,2.669218066256874
445,0.9976977092206746,0.9618257261410788,0.027087589871827293,0.058259214857053536,-0.5950735567422801,-0.09723920890952147,3.326237106133437,1.7592870985165387
446,0.9971552257266543,0.9688203912270302,0.03828063963923413,0.05921793849571024,-0.11023565267703676,-0.04951098412760777,4.346650630897982,2.4536956587589898
447,0.994990723562152,0.9793716656787196,0.04246770163276906,0.0616896020137181,0.052259013977749694,-0.39808931856594526,3.2665111082915095,2.4379312173705388
448,0.9973918197984589,0.9720806164789567,0.031744832514778665,0.05925210697445644,0.35591314777189603,0.05064844463150014,3.7522119181898472,1.8826682046785135
449,0.9976382179280731,0.9519264967397747,0.03164200619959254,0.062455388299991504,-0.16826612161302426,-0.22615616242530906,3.6622518898565675,1.7465663846541264
450,0.9941756272401434,0.9770005927682277,0.04009582015479805,0.058562528113347716,-0.2943380262840339,-0.03366148149083272,3.014607895524935,2.304491464248367
451,0.994071601243237,0.9801422643746296,0.03889095991710425,0.059890850510886245,0.34979110741672415,0.17431305359729357,3.5947658518632037,2.7611922270143814
452,0.9983302411873841,0.966390041493776,0.035408371980748504,0.05754460554636417,0.1679991617524464,-0.43348097492191595,4.984788218466426,2.0307464235248602
453,0.9978491902834009,0.9564315352697096,0.02781222679965875,0.05750599593429977,-0.6950467190686883,-0.0026090263069388085,3.9320245572919252,1.6887921098464338
454,0.9950023245002325,0.9757557794902194,0.04415487731643161,0.05854083905846632,0.03140459099936207,-0.33189059794338743,3.5575772598005186,2.595319627332324
455,0.9935610302351624,0.9741553052756372,0.049357613568981405,0.06227433020067442,-0.5348763250811147,-0.3910488924476377,3.1658708144852645,2.4489686480734205
456,0.9970324748040313,0.9653823355068168,0.03646307791684003,0.06046570603413541,-0.24444588882100024,-0.31497265894343474,3.4576671743478857,1.9630878663190343
457,0.9973407544836117,0.9663307646710135,0.03408202712215869,0.05884358282855681,-0.32075790052503694,-0.31769909155559123,3.6709330511752505,2.0437494286721694
458,0.9986309266464908,0.9549496147006521,0.023447165314574244,0.05946636569232855,-0.7854311388387837,0.1356944730934382,3.244419006070528,1.5357690771338888
459,0.9958333333333333,0.9658565500889154,0.04021986731057361,0.06236541879708681,-0.15622092747484184,-0.4368374248402569,3.1623799525935756,2.097240260549163
460,0.9945955369595537,0.9695909899229401,0.039231445609408756,0.062370542906987805,0.03284945468219453,-0.36018921664788495,2.934484650194624,2.022952859899036
461,0.9968524590163934,0.9748073503260225,0.04025269013149666,0.05996928629651962,0.2465184571567809,-0.0963553791634858,3.848552896535566,2.574668632982041
462,0.9960367786937222,0.9673384706579727,0.037440093011297366,0.05722034597703128,0.546267563431596,0.23904962746623118,3.8106063580698684,2.264373881661286
463,0.9951977401129943,0.9725548310610551,0.04687576280400373,0.058252735960758605,0.16846628135968608,-0.13615940841126345,3.667258028664948,2.5321625383863844
464,0.9973849372384936,0.9505038529934796,0.031001943134540532,0.05877737873629211,-0.12399499647478962,-0.29223187224312697,3.613489998412135,1.7395809964553
465,0.9947769953051643,0.9821576763485478,0.039302778212743056,0.05843740701530844,0.18825835235274663,-0.22164333140990822,3.3604401567062148,2.20452629080696
466,0.9955044955044955,0.9750444576170718,0.04170067504728479,0.060400832927337875,0.4176973221332451,-0.14085110217921545,3.308780136576832,2.2472157992090227
467,0.9973050664750269,0.9632483698873741,0.028484259544401584,0.0612028331795126,0.003454897039633466,-0.22860340939904614,3.145638504753061,1.625308626172612
468,0.99559810718609,0.9606401896858329,0.037624007205035795,0.059663700083014144,-0.18473122094967648,-0.16759441342359024,2.8570878477501735,1.911957111059416
469,0.9974737660318694,0.967397747480735,0.03131141365353244,0.06019143584842053,-0.04371789853354994,0.033166828947358576,3.584809386713615,2.0947517640884104
470,0.9931220424782656,0.9708950800237107,0.043973380767316085,0.06509367434870615,-0.3017641498270872,-0.8117812535980207,2.6977390521040343,2.100358796321474
471,0.9981403998140399,0.9615886188500297,0.03305408629460957,0.05861137924906771,0.4119805211817713,-0.23719500864332047,4.66656233263598,1.9550447334648071
472,0.9949288806431663,0.9735625370480143,0.04020890310822714,0.0588566399534245,-0.13675269506792828,-0.08066630340720855,2.8389224538844124,2.196860770469535
473,0.9976400251730648,0.9678126852400711,0.03331398240989958,0.057804563981277875,-0.33440460376167513,-0.28398836366042673,3.5573255277048585,1.922633289970878
474,0.9948943661971832,0.9759336099585062,0.0377289736449712,0.05620343679507497,-0.22649023047655586,-0.20013529963320748,2.9647765302214086,2.2980593533034406
475,0.9959887005649717,0.9558980438648489,0.03364862160530901,0.057893946133967346,-0.32266661668124497,-0.035719417659837736,2.942766250565237,1.74018739469233
476,0.9953519256308101,0.9575577949021932,0.03167532793167973,0.061165162044482704,-0.14465531901351636,0.7468663240926475,3.127871322483307,2.171436513535066
477,0.9964807436918991,0.9632483698873741,0.03269840005431515,0.062333346243662095,-0.21894367681645147,-0.03198580584860185,3.1467697177600282,2.1236937546466996
478,0.9990418014133429,0.9579727326615294,0.03202983020786793,0.05683282183822963,-0.23427053406040677,-0.0906365652844406,4.993381820176521,2.001654358978289
479,0.997278911564626,0.9772377000592768,0.042975645252403424,0.05828155029807239,-0.019729060725365222,0.08497053187463814,5.089021755093119,2.694745049155723
480,0.9958946288060212,0.9765263781861292,0.034267320828409276,0.05847137578290208,-0.04438975648050658,0.08041874157625534,3.0395436451336066,2.2062041616524404
481,0.9946596244131455,0.9809721398933017,0.04063676955377236,0.0594784471881199,0.10887081978914982,0.42349406059310957,3.2586044568769914,2.7694915434924927
482,0.9964406779661017,0.97628927089508,0.04226109759376201,0.059085144151622804,0.3413021182090259,-0.2242133923661019,4.06709495463333,2.4778353660262797
483,0.9986440677966102,0.9643746295198578,0.029216625113521945,0.05678080589294508,0.21263812330011864,0.06695241776914691,5.062470136297519,1.9892925179419811
484,0.9964078002052685,0.9734439834024896,0.04532431658016224,0.05825803631503827,-0.4060938573732508,0.0748017046517689,4.632332337524777,2.8622727929372958
485,0.998656330749354,0.9420272673384708,0.024048166676103485,0.06238919723396219,-0.12298066535331884,-0.10229425253611082,3.133327847455627,1.308564048013931
486,0.9962012202141131,0.972732661529342,0.03302459839428809,0.05448881845752899,-0.26093207623812575,0.06867200834809442,3.0883259155179945,2.0904040209159125
487,0.9964666427117019,0.964611736810907,0.04164484645114599,0.05920827595216219,-0.4184211797012314,-0.21714178387062127,3.5626980008981683,2.16430371427181
488,0.9965840080971661,0.9748073503260226,0.03328775662812915,0.05674067587600594,-0.08139877411081235,-0.13992782058604114,3.4249511832604775,2.0458858635191124
489,0.996360582306831,0.9698280972139893,0.0412071974227961,0.06014455570835555,0.11404630926151829,-0.5050820659252211,3.615015220602215,2.1993959926858375
490,0.9951996927803379,0.962062833432128,0.03537865471890192,0.05768593617557506,-0.21380068523785786,0.16052009794289107,3.5990943965311413,2.1466677594225807
491,0.9972473697088328,0.9735625370480142,0.03497904788474644,0.059430681151251066,0.3041523143835079,-0.19913472235319749,3.8823304348160494,2.262855544686813
492,0.9969740982812878,0.9624777711914642,0.035847272990353556,0.06197997872508889,-0.5162166224213516,-0.3874663912121951,3.0795751276093144,2.0064410825806855
493,0.9967499144714335,0.9693538826318909,0.04123290663331792,0.06334865287800097,0.10125072799906508,-0.2996012203294477,3.671245967639668,2.2708089301797454
494,0.9941017316017317,0.9713100177830468,0.040349974708912044,0.05626032771439078,0.032148498009343406,0.03381750284138923,3.053297046728688,2.310069542954948
495,0.9961470065204505,0.9738589211618258,0.03974110420636971,0.057501164155778786,-0.06356286993359105,0.2832347583939095,3.808075578245048,2.5310086576036634
496,0.9977736549165122,0.9622999407231774,0.027838994440016022,0.060771637758493334,-0.04497754856403623,-0.16698246575057454,3.195384752845416,1.672043207283641
497,0.9953511132860289,0.9722584469472436,0.03342869053810692,0.056334273982760225,-0.15041959939361055,0.4946710342111662,2.6761445299590063,2.279487130610102
498,0.9973697088328848,0.9662122110254892,0.031209267768842915,0.0623690517127212,0.12284229331645426,-0.5602825396981168,3.2883227608321706,1.7830949641453582
499,0.997847726661286,0.9840545346769414,0.03603553463387822,0.06093704573052292,0.9126915546146236,-0.26378120819604317,4.267069881573265,2.4680943403014037
500,0.993214733721063,0.9799644339063427,0.044984556396879406,0.06099424143948722,-0.31589445359650037,-0.27257943851708105,2.8168931400119526,2.4153395271082294
